[
  {
    "id": "bb9694b1-443d-45f0-8cfa-3c038bf724d9",
    "data": [
      {
        "text": "nein",
        "meta": "@travel-experience",
        "alias": "travel_expert",
        "userDefined": true
      }
    ],
    "isTemplate": false,
    "count": 0,
    "lang": "de",
    "updated": 0
  },
  {
    "id": "2fa3020c-63a2-4665-bdf3-3c52b651dc54",
    "data": [
      {
        "text": "Ich möchte keine Angabe ",
        "userDefined": false
      },
      {
        "text": "machen",
        "meta": "@travel-experience",
        "alias": "travel_expert",
        "userDefined": false
      }
    ],
    "isTemplate": false,
    "count": 0,
    "lang": "de",
    "updated": 0
  },
  {
    "id": "87778d9f-de32-496e-a9b2-508fc44a7c07",
    "data": [
      {
        "text": "keine",
        "meta": "@travel-experience",
        "alias": "travel_expert",
        "userDefined": true
      },
      {
        "text": " Angabe",
        "userDefined": false
      }
    ],
    "isTemplate": false,
    "count": 0,
    "lang": "de",
    "updated": 0
  },
  {
    "id": "487cd7b3-a504-49d3-b298-5b8e8be113be",
    "data": [
      {
        "text": "ich habe ",
        "userDefined": false
      },
      {
        "text": "keine",
        "meta": "@travel-experience",
        "alias": "travel_expert",
        "userDefined": true
      },
      {
        "text": " Erfahrung",
        "userDefined": false
      }
    ],
    "isTemplate": false,
    "count": 1,
    "lang": "de",
    "updated": 0
  },
  {
    "id": "bf9c4217-e206-434a-80fc-46aa693c0f77",
    "data": [
      {
        "text": "viel",
        "meta": "@travel-experience",
        "alias": "travel_expert",
        "userDefined": false
      }
    ],
    "isTemplate": false,
    "count": 0,
    "lang": "de",
    "updated": 0
  },
  {
    "id": "484fa0ff-40a1-40ae-b127-795df414a091",
    "data": [
      {
        "text": "da bin",
        "meta": "@travel-experience",
        "alias": "travel_expert",
        "userDefined": false
      },
      {
        "text": " ich mir ",
        "userDefined": false
      },
      {
        "text": "unsicher",
        "meta": "@travel-experience",
        "alias": "travel_expert",
        "userDefined": false
      }
    ],
    "isTemplate": false,
    "count": 1,
    "lang": "de",
    "updated": 0
  },
  {
    "id": "a8a89bc8-a2e1-4d88-88eb-c11cd5de23ec",
    "data": [
      {
        "text": "ich ",
        "userDefined": false
      },
      {
        "text": "weiß",
        "meta": "@travel-experience",
        "alias": "travel_expert",
        "userDefined": true
      },
      {
        "text": " nicht",
        "userDefined": false
      }
    ],
    "isTemplate": false,
    "count": 0,
    "lang": "de",
    "updated": 0
  },
  {
    "id": "2ecf701a-35af-4b79-96eb-ac2385459c4f",
    "data": [
      {
        "text": "bisschen",
        "meta": "@travel-experience",
        "alias": "travel_expert",
        "userDefined": true
      }
    ],
    "isTemplate": false,
    "count": 0,
    "lang": "de",
    "updated": 0
  },
  {
    "id": "b49e510f-f133-4953-b94e-35b73db4ec3f",
    "data": [
      {
        "text": "unsicher",
        "meta": "@travel-experience",
        "alias": "travel_expert",
        "userDefined": true
      }
    ],
    "isTemplate": false,
    "count": 0,
    "lang": "de",
    "updated": 0
  },
  {
    "id": "175f7354-dc97-4f16-ac8f-95a86dee73ed",
    "data": [
      {
        "text": "etwas",
        "meta": "@travel-experience",
        "alias": "travel_expert",
        "userDefined": true
      }
    ],
    "isTemplate": false,
    "count": 0,
    "lang": "de",
    "updated": 0
  },
  {
    "id": "af259775-7a69-4093-96cb-2b46fb425690",
    "data": [
      {
        "text": "geringe",
        "meta": "@travel-experience",
        "alias": "travel_expert",
        "userDefined": true
      },
      {
        "text": " erfahrung",
        "userDefined": false
      }
    ],
    "isTemplate": false,
    "count": 0,
    "lang": "de",
    "updated": 0
  }
]