[
  {
    "id": "774171e3-51d5-43b4-8b17-a093558f0b91",
    "data": [
      {
        "text": "klaro",
        "userDefined": false
      }
    ],
    "isTemplate": false,
    "count": 0,
    "lang": "de",
    "updated": 0
  },
  {
    "id": "4765c591-aa5e-4fb0-90ff-36c5b03bfbdd",
    "data": [
      {
        "text": "jo",
        "userDefined": false
      }
    ],
    "isTemplate": false,
    "count": 0,
    "lang": "de",
    "updated": 0
  },
  {
    "id": "27dd471f-9be3-41b1-a0f3-4295afe6c359",
    "data": [
      {
        "text": "teils",
        "meta": "@malaria_knowledge",
        "alias": "malaria_knowledge",
        "userDefined": true
      },
      {
        "text": " teils",
        "userDefined": false
      }
    ],
    "isTemplate": false,
    "count": 0,
    "lang": "de",
    "updated": 0
  },
  {
    "id": "2a1a6726-bef0-4b98-bb18-f1bb7ca3c92d",
    "data": [
      {
        "text": "teilweise",
        "meta": "@malaria_knowledge",
        "alias": "malaria_knowledge",
        "userDefined": true
      }
    ],
    "isTemplate": false,
    "count": 0,
    "lang": "de",
    "updated": 0
  },
  {
    "id": "cd46b8d7-b257-4ab0-8e4f-02bc5744350a",
    "data": [
      {
        "text": "etwas",
        "meta": "@malaria_knowledge",
        "alias": "malaria_knowledge",
        "userDefined": true
      }
    ],
    "isTemplate": false,
    "count": 0,
    "lang": "de",
    "updated": 0
  },
  {
    "id": "221d7f39-7eff-4266-8e19-942be8700e9f",
    "data": [
      {
        "text": "mach das",
        "userDefined": false
      }
    ],
    "isTemplate": false,
    "count": 0,
    "lang": "de",
    "updated": 0
  },
  {
    "id": "ed9c9f97-c98b-4e5c-81f8-fa251b0a9317",
    "data": [
      {
        "text": "ja",
        "meta": "@malaria_knowledge",
        "alias": "malaria_knowledge",
        "userDefined": true
      }
    ],
    "isTemplate": false,
    "count": 2,
    "lang": "de",
    "updated": 0
  },
  {
    "id": "f6954dd1-ac6f-403d-91f6-54775f3df801",
    "data": [
      {
        "text": "natürlich",
        "meta": "@malaria_knowledge",
        "alias": "malaria_knowledge",
        "userDefined": true
      }
    ],
    "isTemplate": false,
    "count": 1,
    "lang": "de",
    "updated": 0
  },
  {
    "id": "0f30148d-6233-4727-a2f5-05520a3e96d5",
    "data": [
      {
        "text": "bestätigen",
        "userDefined": false
      }
    ],
    "isTemplate": false,
    "count": 0,
    "lang": "de",
    "updated": 0
  },
  {
    "id": "742c0215-1409-4cfb-8461-f3b6368460a9",
    "data": [
      {
        "text": "klingt gut",
        "userDefined": false
      }
    ],
    "isTemplate": false,
    "count": 0,
    "lang": "de",
    "updated": 0
  },
  {
    "id": "75229d12-ffd4-4243-9cac-2c12023eb2a5",
    "data": [
      {
        "text": "ist mir egal",
        "userDefined": false
      }
    ],
    "isTemplate": false,
    "count": 1,
    "lang": "de",
    "updated": 0
  },
  {
    "id": "b1e81fa2-398c-4f63-ba58-f62ffdc3cea1",
    "data": [
      {
        "text": "genau",
        "userDefined": false
      }
    ],
    "isTemplate": false,
    "count": 2,
    "lang": "de",
    "updated": 0
  },
  {
    "id": "7edd7713-39a3-4bb6-bf6d-ccff2357bd11",
    "data": [
      {
        "text": "klar",
        "userDefined": true
      }
    ],
    "isTemplate": false,
    "count": 1,
    "lang": "de",
    "updated": 0
  },
  {
    "id": "922be3e3-12fc-4c12-a5b2-a1d62c8ae359",
    "data": [
      {
        "text": "das ist richtig",
        "userDefined": false
      }
    ],
    "isTemplate": false,
    "count": 1,
    "lang": "de",
    "updated": 0
  },
  {
    "id": "6cadbc9b-4597-4cfc-ac47-95f79eb8d810",
    "data": [
      {
        "text": "einverstanden",
        "userDefined": false
      }
    ],
    "isTemplate": false,
    "count": 0,
    "lang": "de",
    "updated": 0
  }
]