[
  {
    "id": "03258242-4051-4e65-a331-4dda86f9508f",
    "data": [
      {
        "text": "nein",
        "meta": "@malaria_knowledge",
        "alias": "malaria_knowledge",
        "userDefined": true
      }
    ],
    "isTemplate": false,
    "count": 4,
    "lang": "de",
    "updated": 0
  },
  {
    "id": "dc06d1b7-5084-4cd9-a059-c2f7a1f660a1",
    "data": [
      {
        "text": "ne",
        "userDefined": false
      }
    ],
    "isTemplate": false,
    "count": 0,
    "lang": "de",
    "updated": 0
  },
  {
    "id": "dbb8bf06-28e7-4416-bd2c-7d2908ace189",
    "data": [
      {
        "text": "nope",
        "userDefined": false
      }
    ],
    "isTemplate": false,
    "count": 0,
    "lang": "de",
    "updated": 0
  },
  {
    "id": "c3a2ec35-9789-4a97-93cb-d7fae6f1455a",
    "data": [
      {
        "text": "nö",
        "userDefined": false
      }
    ],
    "isTemplate": false,
    "count": 0,
    "lang": "de",
    "updated": 0
  },
  {
    "id": "f9ec947b-1b51-4256-921c-578541da64ac",
    "data": [
      {
        "text": "keine ",
        "userDefined": false
      },
      {
        "text": "ahnung",
        "meta": "@malaria_knowledge",
        "alias": "malaria_knowledge",
        "userDefined": true
      }
    ],
    "isTemplate": false,
    "count": 0,
    "lang": "de",
    "updated": 0
  },
  {
    "id": "2a6266a5-8419-4569-a64f-5f334a3afd27",
    "data": [
      {
        "text": "kann ich nicht ",
        "userDefined": false
      },
      {
        "text": "einschätzen",
        "meta": "@malaria_knowledge",
        "alias": "malaria_knowledge",
        "userDefined": true
      }
    ],
    "isTemplate": false,
    "count": 0,
    "lang": "de",
    "updated": 0
  },
  {
    "id": "f9e315ae-bd5b-4f26-9840-5b9525f1395c",
    "data": [
      {
        "text": "keins",
        "meta": "@malaria_knowledge",
        "alias": "malaria_knowledge",
        "userDefined": true
      }
    ],
    "isTemplate": false,
    "count": 0,
    "lang": "de",
    "updated": 0
  },
  {
    "id": "850d0576-111d-4eec-b65c-f12f81e3137f",
    "data": [
      {
        "text": "kein Interesse",
        "userDefined": false
      }
    ],
    "isTemplate": false,
    "count": 1,
    "lang": "de",
    "updated": 0
  },
  {
    "id": "5698cc2c-9a66-4596-bedb-ec0645799f74",
    "data": [
      {
        "text": "das möchte ich nicht",
        "userDefined": false
      }
    ],
    "isTemplate": false,
    "count": 1,
    "lang": "de",
    "updated": 0
  },
  {
    "id": "6185d38a-ef2a-40bd-aae3-126851d88aa2",
    "data": [
      {
        "text": "mach das nicht",
        "userDefined": false
      }
    ],
    "isTemplate": false,
    "count": 0,
    "lang": "de",
    "updated": 0
  },
  {
    "id": "6fbe72e1-9ab4-46d0-9360-66f71d590d93",
    "data": [
      {
        "text": "nein danke",
        "userDefined": false
      }
    ],
    "isTemplate": false,
    "count": 2,
    "lang": "de",
    "updated": 0
  },
  {
    "id": "f66c2ae1-4a2d-450a-bc8a-3b59e04d5560",
    "data": [
      {
        "text": "ich denke nicht",
        "userDefined": false
      }
    ],
    "isTemplate": false,
    "count": 0,
    "lang": "de",
    "updated": 0
  },
  {
    "id": "659b2951-ddca-4ac7-98e5-c9c6dd68ec9b",
    "data": [
      {
        "text": "eigentlich nicht",
        "userDefined": false
      }
    ],
    "isTemplate": false,
    "count": 0,
    "lang": "de",
    "updated": 0
  },
  {
    "id": "5ae7cd97-2d4a-46a2-82bf-4d61deba7f5c",
    "data": [
      {
        "text": "ich bin nicht einverstanden",
        "userDefined": false
      }
    ],
    "isTemplate": false,
    "count": 1,
    "lang": "de",
    "updated": 0
  },
  {
    "id": "d2ebf98b-5b86-454f-9b4d-3d6dab00d91e",
    "data": [
      {
        "text": "auf keinen Fall",
        "userDefined": false
      }
    ],
    "isTemplate": false,
    "count": 1,
    "lang": "de",
    "updated": 0
  }
]