[
  {
    "id": "1a990cc1-0037-4c5f-bb24-32f64b716174",
    "data": [
      {
        "text": "jungle",
        "meta": "@ap-lowlands",
        "alias": "ap-lowlands",
        "userDefined": true
      }
    ],
    "isTemplate": false,
    "count": 0,
    "lang": "de",
    "updated": 0
  },
  {
    "id": "fe260c50-d894-4fdd-9ee6-1fb6aaf76ed3",
    "data": [
      {
        "text": "regenwald",
        "meta": "@ap-lowlands",
        "alias": "ap-lowlands",
        "userDefined": false
      }
    ],
    "isTemplate": false,
    "count": 0,
    "lang": "de",
    "updated": 0
  },
  {
    "id": "3cc7f158-6e1a-4218-a40f-c1c318458d8f",
    "data": [
      {
        "text": "dschungel",
        "meta": "@ap-lowlands",
        "alias": "ap-lowlands",
        "userDefined": false
      }
    ],
    "isTemplate": false,
    "count": 0,
    "lang": "de",
    "updated": 0
  },
  {
    "id": "216a5b33-80ce-4844-a10b-b5ae87cf69d9",
    "data": [
      {
        "text": "amazon",
        "meta": "@ap-lowlands",
        "alias": "ap-lowlands",
        "userDefined": true
      }
    ],
    "isTemplate": false,
    "count": 0,
    "lang": "de",
    "updated": 0
  },
  {
    "id": "66f4798b-3945-496c-a5d9-8578792a3df5",
    "data": [
      {
        "text": "osten",
        "meta": "@ap-lowlands",
        "alias": "ap-lowlands",
        "userDefined": true
      }
    ],
    "isTemplate": false,
    "count": 0,
    "lang": "de",
    "updated": 0
  },
  {
    "id": "7a109404-9e72-4166-8dd1-80d44cc4eabc",
    "data": [
      {
        "text": "norden",
        "meta": "@ap-lowlands",
        "alias": "ap-lowlands",
        "userDefined": true
      }
    ],
    "isTemplate": false,
    "count": 0,
    "lang": "de",
    "updated": 0
  },
  {
    "id": "66c6e356-f6c7-4c69-914b-686eda9c0d55",
    "data": [
      {
        "text": "Tiefland",
        "meta": "@ap-lowlands",
        "alias": "ap-lowlands",
        "userDefined": true
      }
    ],
    "isTemplate": false,
    "count": 0,
    "lang": "de",
    "updated": 0
  },
  {
    "id": "bb70cceb-7aca-4608-929a-4d74b5dae6e8",
    "data": [
      {
        "text": "Amazonas",
        "meta": "@ap-lowlands",
        "alias": "ap-lowlands",
        "userDefined": true
      }
    ],
    "isTemplate": false,
    "count": 0,
    "lang": "de",
    "updated": 0
  },
  {
    "id": "a228ce85-8676-45fc-8afe-73cdd94e51f3",
    "data": [
      {
        "text": "Natur",
        "meta": "@ap-lowlands",
        "alias": "ap-lowlands",
        "userDefined": true
      }
    ],
    "isTemplate": false,
    "count": 0,
    "lang": "de",
    "updated": 0
  },
  {
    "id": "b8a2112f-cccf-4aa5-aeef-468ac6b44164",
    "data": [
      {
        "text": "Amazonasdelta",
        "meta": "@ap-lowlands",
        "alias": "ap-lowlands",
        "userDefined": true
      }
    ],
    "isTemplate": false,
    "count": 0,
    "lang": "de",
    "updated": 0
  }
]