[
  {
    "id": "d7e93a9c-79be-4cde-afcd-ab00be23ad93",
    "data": [
      {
        "text": "ozean",
        "meta": "@ap-coast",
        "alias": "ap-coast",
        "userDefined": true
      }
    ],
    "isTemplate": false,
    "count": 0,
    "lang": "de",
    "updated": 0
  },
  {
    "id": "0bdb1b3b-be12-41f8-a5a9-b8e75dd63d85",
    "data": [
      {
        "text": "wasser",
        "meta": "@ap-coast",
        "alias": "ap-coast",
        "userDefined": true
      }
    ],
    "isTemplate": false,
    "count": 0,
    "lang": "de",
    "updated": 0
  },
  {
    "id": "cdfd87c5-70c2-40c9-a7dd-d6998abd4dac",
    "data": [
      {
        "text": "westen",
        "meta": "@ap-coast",
        "alias": "ap-coast",
        "userDefined": true
      }
    ],
    "isTemplate": false,
    "count": 0,
    "lang": "de",
    "updated": 0
  },
  {
    "id": "e286e8c4-8190-47a9-af29-20cf9164d224",
    "data": [
      {
        "text": "tauchen",
        "meta": "@ap-coast",
        "alias": "ap-coast",
        "userDefined": false
      }
    ],
    "isTemplate": false,
    "count": 0,
    "lang": "de",
    "updated": 0
  },
  {
    "id": "9ba843fd-71c6-45d8-8fdb-fe172ca873b1",
    "data": [
      {
        "text": "Meer",
        "meta": "@ap-coast",
        "alias": "ap-coast",
        "userDefined": false
      }
    ],
    "isTemplate": false,
    "count": 0,
    "lang": "de",
    "updated": 0
  },
  {
    "id": "b1a8c849-5f93-4733-baa2-7881f76bf1d4",
    "data": [
      {
        "text": "Küste",
        "meta": "@ap-coast",
        "alias": "ap-coast",
        "userDefined": false
      }
    ],
    "isTemplate": false,
    "count": 0,
    "lang": "de",
    "updated": 0
  }
]