[
  {
    "id": "ea5498dc-92ec-4633-ad65-594641802350",
    "data": [
      {
        "text": "Stadt",
        "meta": "@adventure-plan",
        "alias": "adventure-plan",
        "userDefined": true
      }
    ],
    "isTemplate": false,
    "count": 0,
    "lang": "de",
    "updated": 0
  },
  {
    "id": "d309d257-905a-4c82-abfb-6c05072f8c4d",
    "data": [
      {
        "text": "Städte",
        "meta": "@adventure-plan",
        "alias": "adventure-plan",
        "userDefined": true
      }
    ],
    "isTemplate": false,
    "count": 0,
    "lang": "de",
    "updated": 0
  },
  {
    "id": "1115c86a-44cd-4859-9b5a-b33dbcf6f626",
    "data": [
      {
        "text": "Machu",
        "meta": "@adventure-plan",
        "alias": "adventure-plan",
        "userDefined": true
      },
      {
        "text": " Piccu",
        "userDefined": false
      }
    ],
    "isTemplate": false,
    "count": 0,
    "lang": "de",
    "updated": 0
  },
  {
    "id": "7c4d3a38-af45-4744-a253-6dd2b9db90b9",
    "data": [
      {
        "text": "kultur",
        "meta": "@adventure-plan",
        "alias": "adventure-plan",
        "userDefined": true
      }
    ],
    "isTemplate": false,
    "count": 0,
    "lang": "de",
    "updated": 0
  },
  {
    "id": "6b291f66-4dfe-4001-814a-9f443dd2ae78",
    "data": [
      {
        "text": "essen",
        "meta": "@adventure-plan",
        "alias": "adventure-plan",
        "userDefined": true
      }
    ],
    "isTemplate": false,
    "count": 0,
    "lang": "de",
    "updated": 0
  },
  {
    "id": "ed34ba71-2cf1-4a67-b0bb-0a49f94297fa",
    "data": [
      {
        "text": "süden",
        "meta": "@adventure-plan",
        "alias": "adventure-plan",
        "userDefined": true
      }
    ],
    "isTemplate": false,
    "count": 0,
    "lang": "de",
    "updated": 0
  },
  {
    "id": "d0a66020-8648-4856-94cf-9cf619445ef9",
    "data": [
      {
        "text": "wandern",
        "meta": "@adventure-plan",
        "alias": "adventure-plan",
        "userDefined": true
      }
    ],
    "isTemplate": false,
    "count": 0,
    "lang": "de",
    "updated": 0
  },
  {
    "id": "2703ea4f-53f6-46ff-b4b6-d7a9aa200909",
    "data": [
      {
        "text": "Hochland",
        "meta": "@adventure-plan",
        "alias": "adventure-plan",
        "userDefined": true
      }
    ],
    "isTemplate": false,
    "count": 1,
    "lang": "de",
    "updated": 0
  },
  {
    "id": "4030b2b1-9fd1-4de6-ad88-2e26c7babc14",
    "data": [
      {
        "text": "Berge",
        "meta": "@adventure-plan",
        "alias": "adventure-plan",
        "userDefined": true
      }
    ],
    "isTemplate": false,
    "count": 0,
    "lang": "de",
    "updated": 0
  },
  {
    "id": "d51fe828-d641-4d55-a87b-be51587d7a67",
    "data": [
      {
        "text": "Gebirgswanderung",
        "meta": "@adventure-plan",
        "alias": "adventure-plan",
        "userDefined": true
      }
    ],
    "isTemplate": false,
    "count": 0,
    "lang": "de",
    "updated": 0
  }
]