[
  {
    "id": "8b3d8a68-e910-4e2c-b205-b801fa4be8c9",
    "data": [
      {
        "text": "egal",
        "meta": "@ap-unknown",
        "alias": "ap-unknown",
        "userDefined": false
      }
    ],
    "isTemplate": false,
    "count": 0,
    "lang": "de",
    "updated": 0
  },
  {
    "id": "96a85692-2d2e-41fc-bbed-c0153ef3bb1a",
    "data": [
      {
        "text": "ganzes land",
        "meta": "@ap-unknown",
        "alias": "ap-unknown",
        "userDefined": false
      }
    ],
    "isTemplate": false,
    "count": 0,
    "lang": "de",
    "updated": 0
  },
  {
    "id": "b588d879-76c5-48e1-bd64-035e50ab7efd",
    "data": [
      {
        "text": "ich ",
        "userDefined": false
      },
      {
        "text": "will alles",
        "meta": "@ap-unknown",
        "alias": "ap-unknown",
        "userDefined": false
      },
      {
        "text": " sehen",
        "userDefined": false
      }
    ],
    "isTemplate": false,
    "count": 0,
    "lang": "de",
    "updated": 0
  },
  {
    "id": "2da29257-c57a-4b3a-9b00-238dff90f89a",
    "data": [
      {
        "text": "unbekannt",
        "meta": "@ap-unknown",
        "alias": "ap-unknown",
        "userDefined": true
      }
    ],
    "isTemplate": false,
    "count": 0,
    "lang": "de",
    "updated": 0
  }
]