[
  {
    "id": "b8e503de-7e7f-44f7-9474-c525ca032ea7",
    "data": [
      {
        "text": "keine Ahnung",
        "userDefined": false
      }
    ],
    "isTemplate": false,
    "count": 0,
    "lang": "de",
    "updated": 0
  },
  {
    "id": "5dc49abb-4041-4c2f-bda8-3d5f3d83b9f4",
    "data": [
      {
        "text": "ich benötige vorschläge",
        "userDefined": false
      }
    ],
    "isTemplate": false,
    "count": 0,
    "lang": "de",
    "updated": 0
  },
  {
    "id": "20986407-9f12-4cba-8164-adf848f1b869",
    "data": [
      {
        "text": "ich habe keine ahnung",
        "userDefined": false
      }
    ],
    "isTemplate": false,
    "count": 0,
    "lang": "de",
    "updated": 0
  },
  {
    "id": "c2265a65-2b33-4606-af29-d0ab50dbd318",
    "data": [
      {
        "text": "vorschläge",
        "userDefined": false
      }
    ],
    "isTemplate": false,
    "count": 0,
    "lang": "de",
    "updated": 0
  }
]