[
  {
    "id": "48832564-2006-4f28-97cb-e2ebb20c7244",
    "data": [
      {
        "text": "nö",
        "userDefined": false
      }
    ],
    "isTemplate": false,
    "count": 0,
    "lang": "de",
    "updated": 0
  },
  {
    "id": "bbd04743-b6c4-40dd-b961-a330d14d4660",
    "data": [
      {
        "text": "no",
        "userDefined": false
      }
    ],
    "isTemplate": false,
    "count": 0,
    "lang": "de",
    "updated": 0
  },
  {
    "id": "ea16ef3b-c271-4baa-b02a-032c9c0d3de2",
    "data": [
      {
        "text": "ungeimpft",
        "userDefined": false
      }
    ],
    "isTemplate": false,
    "count": 0,
    "lang": "de",
    "updated": 0
  },
  {
    "id": "6c271893-19b4-44c6-ab9a-413c1ac01258",
    "data": [
      {
        "text": "vollständig",
        "meta": "@vaccination-knowledge",
        "alias": "vaccination_knowledge",
        "userDefined": false
      },
      {
        "text": " geimpft",
        "userDefined": false
      }
    ],
    "isTemplate": false,
    "count": 0,
    "lang": "de",
    "updated": 0
  },
  {
    "id": "2b325396-68d1-44fd-8d38-801f170fe895",
    "data": [
      {
        "text": "ich ",
        "userDefined": false
      },
      {
        "text": "weiß",
        "meta": "@vaccination-knowledge",
        "alias": "vaccination_knowledge",
        "userDefined": false
      },
      {
        "text": " nicht",
        "userDefined": false
      }
    ],
    "isTemplate": false,
    "count": 1,
    "lang": "de",
    "updated": 0
  },
  {
    "id": "414a2ae2-41c0-4873-b924-ba41dd9ce3da",
    "data": [
      {
        "text": "unbekannt",
        "userDefined": false
      }
    ],
    "isTemplate": false,
    "count": 0,
    "lang": "de",
    "updated": 0
  },
  {
    "id": "cdfa2f98-0951-427d-a358-83dd5413452d",
    "data": [
      {
        "text": "keine Ahnung",
        "userDefined": false
      }
    ],
    "isTemplate": false,
    "count": 0,
    "lang": "de",
    "updated": 0
  },
  {
    "id": "729b7ce9-4284-4ae2-87e4-b0fbd0d47209",
    "data": [
      {
        "text": "teilweise",
        "meta": "@vaccination-knowledge",
        "alias": "vaccination_knowledge",
        "userDefined": true
      }
    ],
    "isTemplate": false,
    "count": 0,
    "lang": "de",
    "updated": 0
  },
  {
    "id": "850d0576-111d-4eec-b65c-f12f81e3137f",
    "data": [
      {
        "text": "kein Interesse",
        "userDefined": false
      }
    ],
    "isTemplate": false,
    "count": 1,
    "lang": "de",
    "updated": 0
  },
  {
    "id": "5698cc2c-9a66-4596-bedb-ec0645799f74",
    "data": [
      {
        "text": "das möchte ich nicht",
        "userDefined": false
      }
    ],
    "isTemplate": false,
    "count": 1,
    "lang": "de",
    "updated": 0
  },
  {
    "id": "6185d38a-ef2a-40bd-aae3-126851d88aa2",
    "data": [
      {
        "text": "mach das nicht",
        "userDefined": false
      }
    ],
    "isTemplate": false,
    "count": 0,
    "lang": "de",
    "updated": 0
  },
  {
    "id": "6fbe72e1-9ab4-46d0-9360-66f71d590d93",
    "data": [
      {
        "text": "nein danke",
        "userDefined": false
      }
    ],
    "isTemplate": false,
    "count": 1,
    "lang": "de",
    "updated": 0
  },
  {
    "id": "03258242-4051-4e65-a331-4dda86f9508f",
    "data": [
      {
        "text": "nein",
        "meta": "@vaccination-knowledge",
        "alias": "vaccination_knowledge",
        "userDefined": true
      }
    ],
    "isTemplate": false,
    "count": 4,
    "lang": "de",
    "updated": 0
  },
  {
    "id": "f66c2ae1-4a2d-450a-bc8a-3b59e04d5560",
    "data": [
      {
        "text": "ich denke nicht",
        "userDefined": false
      }
    ],
    "isTemplate": false,
    "count": 0,
    "lang": "de",
    "updated": 0
  },
  {
    "id": "659b2951-ddca-4ac7-98e5-c9c6dd68ec9b",
    "data": [
      {
        "text": "eigentlich nicht",
        "userDefined": false
      }
    ],
    "isTemplate": false,
    "count": 0,
    "lang": "de",
    "updated": 0
  },
  {
    "id": "5ae7cd97-2d4a-46a2-82bf-4d61deba7f5c",
    "data": [
      {
        "text": "ich bin nicht einverstanden",
        "userDefined": false
      }
    ],
    "isTemplate": false,
    "count": 1,
    "lang": "de",
    "updated": 0
  },
  {
    "id": "d2ebf98b-5b86-454f-9b4d-3d6dab00d91e",
    "data": [
      {
        "text": "auf keinen Fall",
        "userDefined": false
      }
    ],
    "isTemplate": false,
    "count": 1,
    "lang": "de",
    "updated": 0
  }
]