[
  {
    "id": "d369f931-1716-4dde-a27d-4c79b5486854",
    "data": [
      {
        "text": "klar",
        "meta": "@hygiene-knowledge",
        "alias": "hygiene_knowledge",
        "userDefined": true
      }
    ],
    "isTemplate": false,
    "count": 1,
    "lang": "de",
    "updated": 0
  },
  {
    "id": "16e3ff7c-6d21-4d01-aa14-12670a16a1ab",
    "data": [
      {
        "text": "ja",
        "meta": "@hygiene-knowledge",
        "alias": "hygiene_knowledge",
        "userDefined": true
      }
    ],
    "isTemplate": false,
    "count": 0,
    "lang": "de",
    "updated": 0
  }
]