[
  {
    "id": "ab46e09d-3079-463d-a757-a802f2d81df9",
    "data": [
      {
        "text": "zurück zur Checkliste",
        "userDefined": false
      }
    ],
    "isTemplate": false,
    "count": 0,
    "lang": "de",
    "updated": 0
  },
  {
    "id": "504806b2-777d-4175-a45c-49d7bfdaafe0",
    "data": [
      {
        "text": "Beratung zusammenfassen",
        "userDefined": false
      }
    ],
    "isTemplate": false,
    "count": 0,
    "lang": "de",
    "updated": 0
  },
  {
    "id": "4ed4d407-1628-46c3-8629-834bf241cc83",
    "data": [
      {
        "text": "Beratung abschließen",
        "userDefined": false
      }
    ],
    "isTemplate": false,
    "count": 0,
    "lang": "de",
    "updated": 0
  },
  {
    "id": "4df360c1-0425-4ba9-8264-3392192ae841",
    "data": [
      {
        "text": "Checkliste",
        "userDefined": true
      }
    ],
    "isTemplate": false,
    "count": 0,
    "lang": "de",
    "updated": 0
  }
]