[
  {
    "id": "91f55dd2-4f42-41fa-ac85-d7a195ce1499",
    "data": [
      {
        "text": "Berge",
        "userDefined": false
      }
    ],
    "isTemplate": false,
    "count": 0,
    "lang": "de",
    "updated": 0
  },
  {
    "id": "1fa40f74-dc11-4d07-b0fa-4ff85b5c0d16",
    "data": [
      {
        "text": "Tauchen",
        "userDefined": false
      }
    ],
    "isTemplate": false,
    "count": 0,
    "lang": "de",
    "updated": 0
  },
  {
    "id": "10929884-c29a-4512-9b92-b5dee56e1a2d",
    "data": [
      {
        "text": "Jungel",
        "userDefined": false
      }
    ],
    "isTemplate": false,
    "count": 0,
    "lang": "de",
    "updated": 0
  },
  {
    "id": "71bbbdb8-1ec3-4dd2-a365-0667559adbf7",
    "data": [
      {
        "text": "Tourismus",
        "userDefined": false
      }
    ],
    "isTemplate": false,
    "count": 0,
    "lang": "de",
    "updated": 0
  },
  {
    "id": "21ae7d73-f309-4b43-a7d4-4de16ee5d110",
    "data": [
      {
        "text": "Verkehr",
        "userDefined": false
      }
    ],
    "isTemplate": false,
    "count": 0,
    "lang": "de",
    "updated": 0
  },
  {
    "id": "13c44e17-dfb8-461a-bd1e-c7e1b62c9ecd",
    "data": [
      {
        "text": "Abenteuer",
        "userDefined": false
      }
    ],
    "isTemplate": false,
    "count": 0,
    "lang": "de",
    "updated": 0
  }
]