[
  {
    "id": "478bdb14-9e3a-4f0a-a95a-6aa56f29915d",
    "data": [
      {
        "text": "Indikationsgruppen",
        "userDefined": false
      }
    ],
    "isTemplate": false,
    "count": 0,
    "lang": "de",
    "updated": 0
  },
  {
    "id": "edf61527-db50-40be-ad05-b42930e12d18",
    "data": [
      {
        "text": "STIKO",
        "userDefined": false
      }
    ],
    "isTemplate": false,
    "count": 0,
    "lang": "de",
    "updated": 0
  },
  {
    "id": "ceee2b86-eb3d-4eb2-b81a-17ab8c64596a",
    "data": [
      {
        "text": "Gelbfieber",
        "userDefined": false
      }
    ],
    "isTemplate": false,
    "count": 0,
    "lang": "de",
    "updated": 0
  },
  {
    "id": "a465b539-1873-42cf-ab09-757a37857e5b",
    "data": [
      {
        "text": "Impfung",
        "userDefined": false
      }
    ],
    "isTemplate": false,
    "count": 0,
    "lang": "de",
    "updated": 0
  }
]