[
  {
    "id": "ff9012ea-27d9-4458-9d3c-9fd01f02d38a",
    "data": [
      {
        "text": "Trinken",
        "userDefined": false
      }
    ],
    "isTemplate": false,
    "count": 0,
    "lang": "de",
    "updated": 0
  },
  {
    "id": "45aa3a61-19b6-4a1e-9d52-8b54ab35dd2c",
    "data": [
      {
        "text": "Essen",
        "userDefined": false
      }
    ],
    "isTemplate": false,
    "count": 0,
    "lang": "de",
    "updated": 0
  },
  {
    "id": "7712ecc4-26bc-406d-8282-a84d4fb1c2f6",
    "data": [
      {
        "text": "Lebensmittelhygiene",
        "userDefined": false
      }
    ],
    "isTemplate": false,
    "count": 0,
    "lang": "de",
    "updated": 0
  },
  {
    "id": "00310bbe-8f57-415a-b6ec-e461abcc17e0",
    "data": [
      {
        "text": "Lebensmittel",
        "userDefined": false
      }
    ],
    "isTemplate": false,
    "count": 0,
    "lang": "de",
    "updated": 0
  },
  {
    "id": "90a7e2be-5e9a-4fb9-9aad-3373972ea67d",
    "data": [
      {
        "text": "Hygiene",
        "userDefined": false
      }
    ],
    "isTemplate": false,
    "count": 0,
    "lang": "de",
    "updated": 0
  }
]